{"loss": [102.96832755611624, 51.735043690338124, 37.29796170861345, 28.770295175288144, 23.511590019948112, 19.239145723694204, 16.898213266066968, 14.996981154600562, 13.17096749440567, 12.037067850869189, 11.085362159315094, 10.134086028021715, 9.20763196421406, 8.52188439124282, 7.732366765300407], "val_loss": [48.01178763593946, 37.894413522311616, 29.093301951885223, 25.6395834173475, 22.214736546788895, 19.292038138423646, 18.12167434181486, 16.973603406122752, 16.119001984596252, 14.474625489541463, 15.091778444392341, 14.329268881252833, 13.16651378784861, 11.937341613428933, 11.976444414683751]}